Domain,Emails
word.studio,['alicja@word-studio']
morebetterdifferent.org,[]
Dr.Ping,[]
ai-workstyle.com,['info@ai-workstyle.com']
metodi.pro,"['22@metodi.pro', 'info@metodi.pro']"
harborai.xyz,['22@harborai.xyz']
gptswizard.com,['22@gptswizard.com']
aulatina.com,"['info@aulatina.com', 'ricardo@aulatina.com', '758info@aulatina.com', 'info@aulatina.com']"
sfiabot.com,['hi@sfiabot.com']
chloyi.one,[]
dragoman.ist,"['john@dragoman.ist', 'selam@dragoman.ist', 'simultele@dragoman.ist', 'hxx@dragoman.ist', 'jane@dragoman.ist']"
russelldeming.com,[]
planetchatdao.xyz,[]
mindthechart.io,[]
eclat.ai,[]
webwizart.be,['info@webwizart.be']
consensus.app,[]
B-Net.ai,[]
XpertPro.AI,[]
ecosistemastartup.com,['editorial@ecosistemastartup.com']
themuslimagency.com,['info@themuslimagency.com']
andrewroberts.blog,['22@andrewroberts.blog']
trendup.ai,['22@trendup.ai']
Vorberg.law,[]
medoid.ai,['anestis@medoid.ai']
autogen.icu,[]
scriptbyai.com,[]
jimtheaiwhisperer.com,[]
omertaai.com,[]
growthperf.com,[]
kilex.org,[]
opalstack.com,[]
scriptgpt.wiki,[]
therobbiedshow.com,[]
aistartupkit.com,[]
appinventor.tmsoftwareinc.com,[]
accessgpts.com,[]
openai.profitpilot.tech,[]
jing.su,[]
mindrenders.com,[]
jony.ai,[]
alecsibilia.com,[]
mysoftwarespecialist.com,[]
atlanticgenie.com,[]
infolog.zip,[]
lagrume.ch,[]
randynolden.com,[]
emmanuelobadia.com,[]
skillleap.ai,['support@skillleap.ai']
slaughtertonesrecords.com,[]
uxcentury.com,[]
levels.io,[]
smartbp.app,[]
tutor.drpang.ai,[]
gpts.alici.ai,[]
gpt-crafters.com,['u0027@gpt-crafters.com']
showmelocal.com,[]
ocaml.ai,[]
novaecaelum.com,[]
chadix.ai,[]
oolong.io,[]
qia.co.jp,[]
vividmindllc.com,[]
x.jackculpan.com,[]
gaoxigang.com,[]
ai-actions.com,[]
earthpilot.ai,"['u0027@earthpilot.ai', '22@earthpilot.ai']"
nihaohaokan.com,['22@nihaohaokan.com']
lqhl.me,[]
becuz.com,[]
digitalimaging.gr,[]
vocabotics.com,[]
ai.aktgo.com,[]
denisdoeland.com,[]
auvicmusic.com,[]
creativeaiconnections.com,[]
wingmakersstudygroup.jp,[]
serppro.io,[]
imagawa.tokyo,[]
bridgegpt.ai,[]
gptaiusers.com,[]
schoonlabs.com,[]
paperwriter.com,"['info@paperwriter.com', 'contato1@paperwriter.com']"
zooo.kr,[]
calculator.tools,[]
ai2sql.io,[]
ueno.org,[]
anilyilmaz.com,[]
gpt.autosterea.com,[]
mangosuchin.com,[]
as-campusclub.org,[]
brycevernon.com,['u0027@brycevernon.com']
inquir.ai,[]
atheists.co.za,[]
jdbusinessconsultant.com,[]
fldr.zip,[]
bizipro.com.ua,['u0027@bizipro.com.ua']
tetratelabs.io,[]
ziwei.pro,[]
hyperleap.ai,[]
revopz.net,[]
upkarma.ai,[]
trycontentgenie.com,[]
spacemonkey.guru,[]
bestgpts.directory,[]
danielcreus.com,[]
spontag.com,[]
chatcraftershub.com,[]
themarketinghustle.com,[]
crystalclarity.com,[]
avasimall.com,[]
marketingpals.com.au,[]
gptstation.io,[]
spencerthayer.com,[]
macondesigns.com,['u0027@macondesigns.com']
gpt-for-sale.com,[]
findergpts.com,[]
eddwithers.com,[]
askannaai.com,[]
gptbuilder.kr,[]
paulcouvert.com,[]
autonomousfederalsolutions.com,[]
zired.net,[]
kodar.ninja,[]
simpleworkapps.com,['22@simpleworkapps.com']
